{"cameraMode":{"drawMode":0,"name":"Shaded","section":"Shading Mode"},"sceneLighting":false,"audioPlay":false,"sceneViewState":{"m_AlwaysRefresh":false,"showFog":true,"showSkybox":false,"showFlares":true,"showImageEffects":true,"showParticleSystems":true,"showVisualEffectGraphs":true,"m_FxEnabled":true},"in2DMode":false,"pivot":{"x":3.4317550659179689,"y":5.812354564666748,"z":4.282503128051758},"rotation":{"x":-0.1625729501247406,"y":0.8369225859642029,"z":-0.3532470762729645,"w":-0.38569870591163638},"size":0.0027750965673476459,"orthographic":false}