{"cameraMode":{"drawMode":0,"name":"Shaded","section":"Shading Mode"},"sceneLighting":true,"audioPlay":false,"sceneViewState":{"m_AlwaysRefresh":false,"showFog":true,"showSkybox":true,"showFlares":true,"showImageEffects":true,"showParticleSystems":true,"showVisualEffectGraphs":true,"m_FxEnabled":true},"in2DMode":false,"pivot":{"x":-47.830284118652347,"y":3.5884742736816408,"z":48.42021560668945},"rotation":{"x":0.06881603598594666,"y":0.6839226484298706,"z":-0.06502483040094376,"w":0.7235540151596069},"size":0.6977494359016419,"orthographic":false}