{"cameraMode":{"drawMode":0,"name":"Shaded","section":"Shading Mode"},"sceneLighting":false,"audioPlay":false,"sceneViewState":{"m_AlwaysRefresh":false,"showFog":true,"showSkybox":false,"showFlares":true,"showImageEffects":true,"showParticleSystems":true,"showVisualEffectGraphs":true,"m_FxEnabled":true},"in2DMode":false,"pivot":{"x":0.00974893569946289,"y":1.1705347299575806,"z":-0.10236364603042603},"rotation":{"x":-0.25442755222320559,"y":0.08736305683851242,"z":-0.02337583340704441,"w":-0.9630724191665649},"size":0.9673869013786316,"orthographic":false}