{"cameraMode":{"drawMode":0,"name":"Shaded","section":"Shading Mode"},"sceneLighting":false,"audioPlay":false,"sceneViewState":{"m_AlwaysRefresh":false,"showFog":true,"showSkybox":false,"showFlares":true,"showImageEffects":true,"showParticleSystems":true,"showVisualEffectGraphs":true,"m_FxEnabled":true},"in2DMode":false,"pivot":{"x":-0.05881929397583008,"y":0.4534940719604492,"z":0.07430171966552735},"rotation":{"x":-0.25442755222320559,"y":0.08736305683851242,"z":-0.02337583340704441,"w":-0.9630724191665649},"size":6.363119602203369,"orthographic":false}