{"cameraMode":{"drawMode":0,"name":"Shaded","section":"Shading Mode"},"sceneLighting":false,"audioPlay":false,"sceneViewState":{"m_AlwaysRefresh":false,"showFog":false,"showSkybox":false,"showFlares":false,"showImageEffects":false,"showParticleSystems":false,"showVisualEffectGraphs":true,"m_FxEnabled":true},"in2DMode":false,"pivot":{"x":0.000782310962677002,"y":0.8504828810691834,"z":0.041231632232666019},"rotation":{"x":0.007289242465049028,"y":-0.9927753210067749,"z":0.0809004008769989,"w":0.08963415771722794},"size":1.164322853088379,"orthographic":false}