{"cameraMode":{"drawMode":0,"name":"Shaded","section":"Shading Mode"},"sceneLighting":false,"audioPlay":false,"sceneViewState":{"m_AlwaysRefresh":false,"showFog":true,"showSkybox":false,"showFlares":true,"showImageEffects":true,"showParticleSystems":true,"showVisualEffectGraphs":true,"m_FxEnabled":true},"in2DMode":false,"pivot":{"x":-0.037741899490356448,"y":1.087019681930542,"z":0.12658990919589997},"rotation":{"x":-0.25442755222320559,"y":0.08736305683851242,"z":-0.02337583340704441,"w":-0.9630724191665649},"size":0.8921172022819519,"orthographic":false}