{"cameraMode":{"drawMode":0,"name":"Shaded","section":"Shading Mode"},"sceneLighting":false,"audioPlay":false,"sceneViewState":{"showFog":false,"showMaterialUpdate":false,"showSkybox":false,"showFlares":false,"showImageEffects":false,"showParticleSystems":false},"in2DMode":false,"pivot":{"x":0.0000017881393432617188,"y":1.4133654832839966,"z":-0.07679980993270874},"rotation":{"x":-0.2032952457666397,"y":-0.7597387433052063,"z":0.28048768639564516,"w":-0.5504093766212463},"size":2.2414629459381105,"orthographic":false}