{"cameraMode":{"drawMode":0,"name":"Shaded","section":"Shading Mode"},"sceneLighting":true,"audioPlay":false,"sceneViewState":{"showFog":false,"showMaterialUpdate":false,"showSkybox":false,"showFlares":false,"showImageEffects":false,"showParticleSystems":false},"in2DMode":false,"pivot":{"x":-169.37913513183595,"y":0.08228087425231934,"z":-6.232095241546631},"rotation":{"x":0.0006396008539013565,"y":-0.9290561676025391,"z":0.3702324628829956,"w":0.0017203454626724125},"size":0.687759518623352,"orthographic":false}