{"cameraMode":{"drawMode":0,"name":"Shaded","section":"Shading Mode"},"sceneLighting":false,"audioPlay":false,"sceneViewState":{"showFog":false,"showMaterialUpdate":false,"showSkybox":false,"showFlares":false,"showImageEffects":false,"showParticleSystems":false},"in2DMode":false,"pivot":{"x":0.09257286787033081,"y":0.009299159049987793,"z":0.2170565128326416},"rotation":{"x":-0.01705104485154152,"y":0.9827933311462402,"z":-0.12122567743062973,"w":-0.13893063366413117},"size":1.1534901857376099,"orthographic":false}