{"cameraMode":{"drawMode":0,"name":"Shaded","section":"Shading Mode"},"sceneLighting":false,"audioPlay":false,"sceneViewState":{"showFog":false,"showMaterialUpdate":false,"showSkybox":false,"showFlares":false,"showImageEffects":false,"showParticleSystems":false},"in2DMode":false,"pivot":{"x":0.0000017881393432617188,"y":1.450401782989502,"z":0.004170536994934082},"rotation":{"x":0.06835281848907471,"y":0.8977541327476502,"z":-0.4086970090866089,"w":0.14999733865261079},"size":2.25500750541687,"orthographic":false}