{"cameraMode":{"drawMode":0,"name":"Shaded","section":"Shading Mode"},"sceneLighting":false,"audioPlay":false,"sceneViewState":{"showFog":false,"showMaterialUpdate":false,"showSkybox":false,"showFlares":false,"showImageEffects":false,"showParticleSystems":false},"in2DMode":false,"pivot":{"x":0.47584158182144167,"y":-0.23420220613479615,"z":0.7518673539161682},"rotation":{"x":0.213152676820755,"y":0.6096393465995789,"z":-0.17484910786151887,"w":0.7431936860084534},"size":0.3073950409889221,"orthographic":false}