{"cameraMode":{"drawMode":0,"name":"Shaded","section":"Shading Mode"},"sceneLighting":false,"audioPlay":false,"sceneViewState":{"showFog":false,"showMaterialUpdate":false,"showSkybox":false,"showFlares":false,"showImageEffects":false,"showParticleSystems":false},"in2DMode":false,"pivot":{"x":0.718646228313446,"y":1.6232966184616089,"z":-2.322397470474243},"rotation":{"x":-0.07395229488611222,"y":0.749194324016571,"z":-0.08487351983785629,"w":-0.6527299880981445},"size":0.7835549712181091,"orthographic":false}