{"cameraMode":{"drawMode":0,"name":"Shaded","section":"Shading Mode"},"sceneLighting":false,"audioPlay":false,"sceneViewState":{"showFog":false,"showMaterialUpdate":false,"showSkybox":false,"showFlares":false,"showImageEffects":false,"showParticleSystems":false},"in2DMode":false,"pivot":{"x":-139.4199981689453,"y":1.2307682037353516,"z":-7.9553914070129398},"rotation":{"x":-0.07774647325277329,"y":-0.7345378994941711,"z":0.08549749851226807,"w":-0.6687859892845154},"size":2.264038562774658,"orthographic":false}