{"cameraMode":{"drawMode":0,"name":"Shaded","section":"Shading Mode"},"sceneLighting":false,"audioPlay":false,"sceneViewState":{"showFog":false,"showMaterialUpdate":false,"showSkybox":false,"showFlares":false,"showImageEffects":false,"showParticleSystems":false},"in2DMode":false,"pivot":{"x":-118.33000183105469,"y":-0.26000022888183596,"z":-9.800000190734864},"rotation":{"x":0.2710953652858734,"y":0.6861213445663452,"z":-0.3105003237724304,"w":0.5996325016021729},"size":12.12435531616211,"orthographic":false}