{"cameraMode":{"drawMode":0,"name":"Shaded","section":"Shading Mode"},"sceneLighting":true,"audioPlay":false,"sceneViewState":{"showFog":false,"showMaterialUpdate":false,"showSkybox":false,"showFlares":false,"showImageEffects":false,"showParticleSystems":false},"in2DMode":false,"pivot":{"x":-209.3697967529297,"y":-6.250217914581299,"z":-28.99866485595703},"rotation":{"x":-0.05777972936630249,"y":0.5282831788063049,"z":-0.03542237728834152,"w":-0.8465667366981506},"size":47.50379943847656,"orthographic":false}