{"cameraMode":{"drawMode":0,"name":"Shaded","section":"Shading Mode"},"sceneLighting":false,"audioPlay":false,"sceneViewState":{"showFog":false,"showMaterialUpdate":false,"showSkybox":false,"showFlares":false,"showImageEffects":false,"showParticleSystems":false},"in2DMode":false,"pivot":{"x":4.302000045776367,"y":1.6610000133514405,"z":-2.538494825363159},"rotation":{"x":-0.037537604570388797,"y":0.9536617994308472,"z":-0.1342056840658188,"w":-0.26670533418655398},"size":2.1132099628448488,"orthographic":false}