{"cameraMode":{"drawMode":0,"name":"Shaded","section":"Shading Mode"},"sceneLighting":false,"audioPlay":false,"sceneViewState":{"showFog":false,"showMaterialUpdate":false,"showSkybox":false,"showFlares":false,"showImageEffects":false,"showParticleSystems":false},"in2DMode":false,"pivot":{"x":-23.210826873779298,"y":1.5043315887451172,"z":-11.80511474609375},"rotation":{"x":0.01790018007159233,"y":0.9413409233093262,"z":0.050591569393873218,"w":-0.33319732546806338},"size":9.60055160522461,"orthographic":false}