{"cameraMode":{"drawMode":0,"name":"Shaded","section":"Shading Mode"},"sceneLighting":false,"audioPlay":false,"sceneViewState":{"showFog":false,"showMaterialUpdate":false,"showSkybox":false,"showFlares":false,"showImageEffects":false,"showParticleSystems":false},"in2DMode":false,"pivot":{"x":0.0,"y":0.090789794921875,"z":-0.054999999701976779},"rotation":{"x":0.09079711139202118,"y":-0.1404680758714676,"z":0.01280626654624939,"w":0.9859909415245056},"size":0.01396632194519043,"orthographic":false}