{"cameraMode":{"drawMode":0,"name":"Shaded","section":"Shading Mode"},"sceneLighting":false,"audioPlay":false,"sceneViewState":{"showFog":false,"showMaterialUpdate":false,"showSkybox":false,"showFlares":false,"showImageEffects":false,"showParticleSystems":false},"in2DMode":false,"pivot":{"x":0.0000017881393432617188,"y":1.4133654832839966,"z":-0.07679980993270874},"rotation":{"x":0.0007305371691472828,"y":-0.9668942093849182,"z":0.2554648220539093,"w":0.0023239117581397297},"size":2.2414629459381105,"orthographic":false}