{"cameraMode":{"drawMode":0,"name":"Shaded","section":"Shading Mode"},"sceneLighting":false,"audioPlay":false,"sceneViewState":{"showFog":false,"showMaterialUpdate":false,"showSkybox":false,"showFlares":false,"showImageEffects":false,"showParticleSystems":false},"in2DMode":false,"pivot":{"x":0.11489279568195343,"y":1.4411017894744874,"z":0.5406699180603027},"rotation":{"x":0.07075096666812897,"y":0.7787250280380249,"z":-0.08948451280593872,"w":0.617130696773529},"size":10.0,"orthographic":false}