{"cameraMode":{"drawMode":0,"name":"Shaded","section":"Shading Mode"},"sceneLighting":false,"audioPlay":false,"sceneViewState":{"m_AlwaysRefresh":false,"showFog":false,"showSkybox":false,"showFlares":false,"showImageEffects":false,"showParticleSystems":false,"showVisualEffectGraphs":true,"m_FxEnabled":true},"in2DMode":false,"pivot":{"x":1.0239733457565308,"y":1.2786089181900025,"z":-0.7804002165794373},"rotation":{"x":-0.027862733229994775,"y":0.922469973564148,"z":0.06761317700147629,"w":0.3791700601577759},"size":1.3116916418075562,"orthographic":false}