{"cameraMode":{"drawMode":0,"name":"Shaded","section":"Shading Mode"},"sceneLighting":false,"audioPlay":false,"sceneViewState":{"m_AlwaysRefresh":false,"showFog":true,"showSkybox":false,"showFlares":true,"showImageEffects":true,"showParticleSystems":true,"showVisualEffectGraphs":true,"m_FxEnabled":true},"in2DMode":false,"pivot":{"x":-0.002348572015762329,"y":0.004812180995941162,"z":-0.03383168578147888},"rotation":{"x":-0.25442755222320559,"y":0.08736305683851242,"z":-0.02337583340704441,"w":-0.9630724191665649},"size":0.14588795602321626,"orthographic":false}